/*
SQLyog Community v13.1.6 (64 bit)
MySQL - 5.7.35-log : Database - employees
*********************************************************************
*/

/*!40101 SET NAMES utf8 */;

/*!40101 SET SQL_MODE=''*/;

/*!40014 SET @OLD_UNIQUE_CHECKS=@@UNIQUE_CHECKS, UNIQUE_CHECKS=0 */;
/*!40014 SET @OLD_FOREIGN_KEY_CHECKS=@@FOREIGN_KEY_CHECKS, FOREIGN_KEY_CHECKS=0 */;
/*!40101 SET @OLD_SQL_MODE=@@SQL_MODE, SQL_MODE='NO_AUTO_VALUE_ON_ZERO' */;
/*!40111 SET @OLD_SQL_NOTES=@@SQL_NOTES, SQL_NOTES=0 */;
CREATE DATABASE /*!32312 IF NOT EXISTS*/`employees` /*!40100 DEFAULT CHARACTER SET latin1 */;

USE `employees`;

/*Data for the table `departments` */

insert  into `departments`(`dept_no`,`dept_name`) values ('d009','Customer Service');
insert  into `departments`(`dept_no`,`dept_name`) values ('d005','Development');
insert  into `departments`(`dept_no`,`dept_name`) values ('d002','Finance');
insert  into `departments`(`dept_no`,`dept_name`) values ('d003','Human Resources');
insert  into `departments`(`dept_no`,`dept_name`) values ('d001','Marketing');
insert  into `departments`(`dept_no`,`dept_name`) values ('d004','Production');
insert  into `departments`(`dept_no`,`dept_name`) values ('d006','Quality Management');
insert  into `departments`(`dept_no`,`dept_name`) values ('d008','Research');
insert  into `departments`(`dept_no`,`dept_name`) values ('d007','Sales');

/*Data for the table `dept_emp` */

insert  into `dept_emp`(`emp_no`,`dept_no`,`from_date`,`to_date`) values (10001,'d005','1986-06-26','9999-01-01');
insert  into `dept_emp`(`emp_no`,`dept_no`,`from_date`,`to_date`) values (10002,'d007','1996-08-03','9999-01-01');
insert  into `dept_emp`(`emp_no`,`dept_no`,`from_date`,`to_date`) values (10003,'d004','1995-12-03','9999-01-01');
insert  into `dept_emp`(`emp_no`,`dept_no`,`from_date`,`to_date`) values (10004,'d004','1986-12-01','9999-01-01');
insert  into `dept_emp`(`emp_no`,`dept_no`,`from_date`,`to_date`) values (10005,'d003','1989-09-12','9999-01-01');
insert  into `dept_emp`(`emp_no`,`dept_no`,`from_date`,`to_date`) values (10006,'d005','1990-08-05','9999-01-01');
insert  into `dept_emp`(`emp_no`,`dept_no`,`from_date`,`to_date`) values (10007,'d008','1989-02-10','9999-01-01');
insert  into `dept_emp`(`emp_no`,`dept_no`,`from_date`,`to_date`) values (10008,'d005','1998-03-11','2000-07-31');
insert  into `dept_emp`(`emp_no`,`dept_no`,`from_date`,`to_date`) values (10009,'d006','1985-02-18','9999-01-01');
insert  into `dept_emp`(`emp_no`,`dept_no`,`from_date`,`to_date`) values (10010,'d004','1996-11-24','2000-06-26');
insert  into `dept_emp`(`emp_no`,`dept_no`,`from_date`,`to_date`) values (10010,'d006','2000-06-26','9999-01-01');
insert  into `dept_emp`(`emp_no`,`dept_no`,`from_date`,`to_date`) values (10011,'d009','1990-01-22','1996-11-09');
insert  into `dept_emp`(`emp_no`,`dept_no`,`from_date`,`to_date`) values (10012,'d005','1992-12-18','9999-01-01');
insert  into `dept_emp`(`emp_no`,`dept_no`,`from_date`,`to_date`) values (10013,'d003','1985-10-20','9999-01-01');
insert  into `dept_emp`(`emp_no`,`dept_no`,`from_date`,`to_date`) values (10014,'d005','1993-12-29','9999-01-01');
insert  into `dept_emp`(`emp_no`,`dept_no`,`from_date`,`to_date`) values (10015,'d008','1992-09-19','1993-08-22');
insert  into `dept_emp`(`emp_no`,`dept_no`,`from_date`,`to_date`) values (10016,'d007','1998-02-11','9999-01-01');
insert  into `dept_emp`(`emp_no`,`dept_no`,`from_date`,`to_date`) values (10017,'d001','1993-08-03','9999-01-01');
insert  into `dept_emp`(`emp_no`,`dept_no`,`from_date`,`to_date`) values (10018,'d004','1992-07-29','9999-01-01');
insert  into `dept_emp`(`emp_no`,`dept_no`,`from_date`,`to_date`) values (10018,'d005','1987-04-03','1992-07-29');
insert  into `dept_emp`(`emp_no`,`dept_no`,`from_date`,`to_date`) values (10019,'d008','1999-04-30','9999-01-01');
insert  into `dept_emp`(`emp_no`,`dept_no`,`from_date`,`to_date`) values (10020,'d004','1997-12-30','9999-01-01');

/*Data for the table `dept_manager` */

insert  into `dept_manager`(`emp_no`,`dept_no`,`from_date`,`to_date`) values (110022,'d001','1985-01-01','1991-10-01');
insert  into `dept_manager`(`emp_no`,`dept_no`,`from_date`,`to_date`) values (110039,'d001','1991-10-01','9999-01-01');
insert  into `dept_manager`(`emp_no`,`dept_no`,`from_date`,`to_date`) values (110085,'d002','1985-01-01','1989-12-17');
insert  into `dept_manager`(`emp_no`,`dept_no`,`from_date`,`to_date`) values (110114,'d002','1989-12-17','9999-01-01');
insert  into `dept_manager`(`emp_no`,`dept_no`,`from_date`,`to_date`) values (110183,'d003','1985-01-01','1992-03-21');
insert  into `dept_manager`(`emp_no`,`dept_no`,`from_date`,`to_date`) values (110228,'d003','1992-03-21','9999-01-01');
insert  into `dept_manager`(`emp_no`,`dept_no`,`from_date`,`to_date`) values (110303,'d004','1985-01-01','1988-09-09');
insert  into `dept_manager`(`emp_no`,`dept_no`,`from_date`,`to_date`) values (110344,'d004','1988-09-09','1992-08-02');
insert  into `dept_manager`(`emp_no`,`dept_no`,`from_date`,`to_date`) values (110386,'d004','1992-08-02','1996-08-30');
insert  into `dept_manager`(`emp_no`,`dept_no`,`from_date`,`to_date`) values (110420,'d004','1996-08-30','9999-01-01');
insert  into `dept_manager`(`emp_no`,`dept_no`,`from_date`,`to_date`) values (110511,'d005','1985-01-01','1992-04-25');
insert  into `dept_manager`(`emp_no`,`dept_no`,`from_date`,`to_date`) values (110567,'d005','1992-04-25','9999-01-01');
insert  into `dept_manager`(`emp_no`,`dept_no`,`from_date`,`to_date`) values (110725,'d006','1985-01-01','1989-05-06');
insert  into `dept_manager`(`emp_no`,`dept_no`,`from_date`,`to_date`) values (110765,'d006','1989-05-06','1991-09-12');
insert  into `dept_manager`(`emp_no`,`dept_no`,`from_date`,`to_date`) values (110800,'d006','1991-09-12','1994-06-28');
insert  into `dept_manager`(`emp_no`,`dept_no`,`from_date`,`to_date`) values (110854,'d006','1994-06-28','9999-01-01');
insert  into `dept_manager`(`emp_no`,`dept_no`,`from_date`,`to_date`) values (111035,'d007','1985-01-01','1991-03-07');
insert  into `dept_manager`(`emp_no`,`dept_no`,`from_date`,`to_date`) values (111133,'d007','1991-03-07','9999-01-01');
insert  into `dept_manager`(`emp_no`,`dept_no`,`from_date`,`to_date`) values (111400,'d008','1985-01-01','1991-04-08');
insert  into `dept_manager`(`emp_no`,`dept_no`,`from_date`,`to_date`) values (111534,'d008','1991-04-08','9999-01-01');
insert  into `dept_manager`(`emp_no`,`dept_no`,`from_date`,`to_date`) values (111692,'d009','1985-01-01','1988-10-17');
insert  into `dept_manager`(`emp_no`,`dept_no`,`from_date`,`to_date`) values (111784,'d009','1988-10-17','1992-09-08');
insert  into `dept_manager`(`emp_no`,`dept_no`,`from_date`,`to_date`) values (111877,'d009','1992-09-08','1996-01-03');
insert  into `dept_manager`(`emp_no`,`dept_no`,`from_date`,`to_date`) values (111939,'d009','1996-01-03','9999-01-01');

/*Data for the table `employees` */

insert  into `employees`(`emp_no`,`birth_date`,`first_name`,`last_name`,`gender`,`hire_date`) values (10001,'1953-09-02','Georgi','Facello','M','1986-06-26');
insert  into `employees`(`emp_no`,`birth_date`,`first_name`,`last_name`,`gender`,`hire_date`) values (10002,'1964-06-02','Bezalel','Simmel','F','1985-11-21');
insert  into `employees`(`emp_no`,`birth_date`,`first_name`,`last_name`,`gender`,`hire_date`) values (10003,'1959-12-03','Parto','Bamford','M','1986-08-28');
insert  into `employees`(`emp_no`,`birth_date`,`first_name`,`last_name`,`gender`,`hire_date`) values (10004,'1954-05-01','Chirstian','Koblick','M','1986-12-01');
insert  into `employees`(`emp_no`,`birth_date`,`first_name`,`last_name`,`gender`,`hire_date`) values (10005,'1955-01-21','Kyoichi','Maliniak','M','1989-09-12');
insert  into `employees`(`emp_no`,`birth_date`,`first_name`,`last_name`,`gender`,`hire_date`) values (10006,'1953-04-20','Anneke','Preusig','F','1989-06-02');
insert  into `employees`(`emp_no`,`birth_date`,`first_name`,`last_name`,`gender`,`hire_date`) values (10007,'1957-05-23','Tzvetan','Zielinski','F','1989-02-10');
insert  into `employees`(`emp_no`,`birth_date`,`first_name`,`last_name`,`gender`,`hire_date`) values (10008,'1958-02-19','Saniya','Kalloufi','M','1994-09-15');
insert  into `employees`(`emp_no`,`birth_date`,`first_name`,`last_name`,`gender`,`hire_date`) values (10009,'1952-04-19','Sumant','Peac','F','1985-02-18');
insert  into `employees`(`emp_no`,`birth_date`,`first_name`,`last_name`,`gender`,`hire_date`) values (10010,'1963-06-01','Duangkaew','Piveteau','F','1989-08-24');
insert  into `employees`(`emp_no`,`birth_date`,`first_name`,`last_name`,`gender`,`hire_date`) values (10011,'1953-11-07','Mary','Sluis','F','1990-01-22');
insert  into `employees`(`emp_no`,`birth_date`,`first_name`,`last_name`,`gender`,`hire_date`) values (10012,'1960-10-04','Patricio','Bridgland','M','1992-12-18');
insert  into `employees`(`emp_no`,`birth_date`,`first_name`,`last_name`,`gender`,`hire_date`) values (10013,'1963-06-07','Eberhardt','Terkki','M','1985-10-20');
insert  into `employees`(`emp_no`,`birth_date`,`first_name`,`last_name`,`gender`,`hire_date`) values (10014,'1956-02-12','Berni','Genin','M','1987-03-11');
insert  into `employees`(`emp_no`,`birth_date`,`first_name`,`last_name`,`gender`,`hire_date`) values (10015,'1959-08-19','Guoxiang','Nooteboom','M','1987-07-02');
insert  into `employees`(`emp_no`,`birth_date`,`first_name`,`last_name`,`gender`,`hire_date`) values (10016,'1961-05-02','Kazuhito','Cappelletti','M','1995-01-27');
insert  into `employees`(`emp_no`,`birth_date`,`first_name`,`last_name`,`gender`,`hire_date`) values (10017,'1958-07-06','Cristinel','Bouloucos','F','1993-08-03');
insert  into `employees`(`emp_no`,`birth_date`,`first_name`,`last_name`,`gender`,`hire_date`) values (10018,'1954-06-19','Kazuhide','Peha','F','1987-04-03');
insert  into `employees`(`emp_no`,`birth_date`,`first_name`,`last_name`,`gender`,`hire_date`) values (10019,'1953-01-23','Lillian','Haddadi','M','1999-04-30');
insert  into `employees`(`emp_no`,`birth_date`,`first_name`,`last_name`,`gender`,`hire_date`) values (10020,'1952-12-24','Mayuko','Warwick','M','1991-01-26');
insert  into `employees`(`emp_no`,`birth_date`,`first_name`,`last_name`,`gender`,`hire_date`) values (110039,'1963-06-21','Vishwani','Minakawa','M','1986-04-12');
insert  into `employees`(`emp_no`,`birth_date`,`first_name`,`last_name`,`gender`,`hire_date`) values (110114,'1957-03-28','Isamu','Legleitner','F','1985-01-14');
insert  into `employees`(`emp_no`,`birth_date`,`first_name`,`last_name`,`gender`,`hire_date`) values (110228,'1958-12-02','Karsten','Sigstam','F','1985-08-04');
insert  into `employees`(`emp_no`,`birth_date`,`first_name`,`last_name`,`gender`,`hire_date`) values (110420,'1963-07-27','Oscar','Ghazalie','M','1992-02-05');
insert  into `employees`(`emp_no`,`birth_date`,`first_name`,`last_name`,`gender`,`hire_date`) values (110567,'1964-04-25','Leon','DasSarma','F','1986-10-21');
insert  into `employees`(`emp_no`,`birth_date`,`first_name`,`last_name`,`gender`,`hire_date`) values (110854,'1960-08-19','Dung','Pesch','M','1989-06-09');
insert  into `employees`(`emp_no`,`birth_date`,`first_name`,`last_name`,`gender`,`hire_date`) values (111133,'1955-03-16','Hauke','Zhang','M','1986-12-30');
insert  into `employees`(`emp_no`,`birth_date`,`first_name`,`last_name`,`gender`,`hire_date`) values (111534,'1952-06-27','Hilary','Kambil','F','1988-01-31');
insert  into `employees`(`emp_no`,`birth_date`,`first_name`,`last_name`,`gender`,`hire_date`) values (111939,'1960-03-25','Yuchang','Weedman','M','1989-07-10');

/*Data for the table `salaries` */

insert  into `salaries`(`emp_no`,`salary`,`from_date`,`to_date`) values (10001,60117,'1986-06-26','1987-06-26');
insert  into `salaries`(`emp_no`,`salary`,`from_date`,`to_date`) values (10001,62102,'1987-06-26','1988-06-25');
insert  into `salaries`(`emp_no`,`salary`,`from_date`,`to_date`) values (10001,66074,'1988-06-25','1989-06-25');
insert  into `salaries`(`emp_no`,`salary`,`from_date`,`to_date`) values (10001,66596,'1989-06-25','1990-06-25');
insert  into `salaries`(`emp_no`,`salary`,`from_date`,`to_date`) values (10001,66961,'1990-06-25','1991-06-25');
insert  into `salaries`(`emp_no`,`salary`,`from_date`,`to_date`) values (10001,71046,'1991-06-25','1992-06-24');
insert  into `salaries`(`emp_no`,`salary`,`from_date`,`to_date`) values (10001,74333,'1992-06-24','1993-06-24');
insert  into `salaries`(`emp_no`,`salary`,`from_date`,`to_date`) values (10001,75286,'1993-06-24','1994-06-24');
insert  into `salaries`(`emp_no`,`salary`,`from_date`,`to_date`) values (10001,75994,'1994-06-24','1995-06-24');
insert  into `salaries`(`emp_no`,`salary`,`from_date`,`to_date`) values (10001,76884,'1995-06-24','1996-06-23');
insert  into `salaries`(`emp_no`,`salary`,`from_date`,`to_date`) values (10001,80013,'1996-06-23','1997-06-23');
insert  into `salaries`(`emp_no`,`salary`,`from_date`,`to_date`) values (10001,81025,'1997-06-23','1998-06-23');
insert  into `salaries`(`emp_no`,`salary`,`from_date`,`to_date`) values (10001,81097,'1998-06-23','1999-06-23');
insert  into `salaries`(`emp_no`,`salary`,`from_date`,`to_date`) values (10001,84917,'1999-06-23','2000-06-22');
insert  into `salaries`(`emp_no`,`salary`,`from_date`,`to_date`) values (10001,85112,'2000-06-22','2001-06-22');
insert  into `salaries`(`emp_no`,`salary`,`from_date`,`to_date`) values (10001,85097,'2001-06-22','2002-06-22');
insert  into `salaries`(`emp_no`,`salary`,`from_date`,`to_date`) values (10001,88958,'2002-06-22','9999-01-01');
insert  into `salaries`(`emp_no`,`salary`,`from_date`,`to_date`) values (10002,65828,'1996-08-03','1997-08-03');
insert  into `salaries`(`emp_no`,`salary`,`from_date`,`to_date`) values (10002,65909,'1997-08-03','1998-08-03');
insert  into `salaries`(`emp_no`,`salary`,`from_date`,`to_date`) values (10002,67534,'1998-08-03','1999-08-03');
insert  into `salaries`(`emp_no`,`salary`,`from_date`,`to_date`) values (10002,69366,'1999-08-03','2000-08-02');
insert  into `salaries`(`emp_no`,`salary`,`from_date`,`to_date`) values (10002,71963,'2000-08-02','2001-08-02');
insert  into `salaries`(`emp_no`,`salary`,`from_date`,`to_date`) values (10002,72527,'2001-08-02','9999-01-01');
insert  into `salaries`(`emp_no`,`salary`,`from_date`,`to_date`) values (10003,40006,'1995-12-03','1996-12-02');
insert  into `salaries`(`emp_no`,`salary`,`from_date`,`to_date`) values (10003,43616,'1996-12-02','1997-12-02');
insert  into `salaries`(`emp_no`,`salary`,`from_date`,`to_date`) values (10003,43466,'1997-12-02','1998-12-02');
insert  into `salaries`(`emp_no`,`salary`,`from_date`,`to_date`) values (10003,43636,'1998-12-02','1999-12-02');
insert  into `salaries`(`emp_no`,`salary`,`from_date`,`to_date`) values (10003,43478,'1999-12-02','2000-12-01');
insert  into `salaries`(`emp_no`,`salary`,`from_date`,`to_date`) values (10003,43699,'2000-12-01','2001-12-01');
insert  into `salaries`(`emp_no`,`salary`,`from_date`,`to_date`) values (10003,43311,'2001-12-01','9999-01-01');
insert  into `salaries`(`emp_no`,`salary`,`from_date`,`to_date`) values (10004,40054,'1986-12-01','1987-12-01');
insert  into `salaries`(`emp_no`,`salary`,`from_date`,`to_date`) values (10004,42283,'1987-12-01','1988-11-30');
insert  into `salaries`(`emp_no`,`salary`,`from_date`,`to_date`) values (10004,42542,'1988-11-30','1989-11-30');
insert  into `salaries`(`emp_no`,`salary`,`from_date`,`to_date`) values (10004,46065,'1989-11-30','1990-11-30');
insert  into `salaries`(`emp_no`,`salary`,`from_date`,`to_date`) values (10004,48271,'1990-11-30','1991-11-30');
insert  into `salaries`(`emp_no`,`salary`,`from_date`,`to_date`) values (10004,50594,'1991-11-30','1992-11-29');
insert  into `salaries`(`emp_no`,`salary`,`from_date`,`to_date`) values (10004,52119,'1992-11-29','1993-11-29');
insert  into `salaries`(`emp_no`,`salary`,`from_date`,`to_date`) values (10004,54693,'1993-11-29','1994-11-29');
insert  into `salaries`(`emp_no`,`salary`,`from_date`,`to_date`) values (10004,58326,'1994-11-29','1995-11-29');
insert  into `salaries`(`emp_no`,`salary`,`from_date`,`to_date`) values (10004,60770,'1995-11-29','1996-11-28');
insert  into `salaries`(`emp_no`,`salary`,`from_date`,`to_date`) values (10004,62566,'1996-11-28','1997-11-28');
insert  into `salaries`(`emp_no`,`salary`,`from_date`,`to_date`) values (10004,64340,'1997-11-28','1998-11-28');
insert  into `salaries`(`emp_no`,`salary`,`from_date`,`to_date`) values (10004,67096,'1998-11-28','1999-11-28');
insert  into `salaries`(`emp_no`,`salary`,`from_date`,`to_date`) values (10004,69722,'1999-11-28','2000-11-27');
insert  into `salaries`(`emp_no`,`salary`,`from_date`,`to_date`) values (10004,70698,'2000-11-27','2001-11-27');
insert  into `salaries`(`emp_no`,`salary`,`from_date`,`to_date`) values (10004,74057,'2001-11-27','9999-01-01');
insert  into `salaries`(`emp_no`,`salary`,`from_date`,`to_date`) values (10005,78228,'1989-09-12','1990-09-12');
insert  into `salaries`(`emp_no`,`salary`,`from_date`,`to_date`) values (10005,82621,'1990-09-12','1991-09-12');
insert  into `salaries`(`emp_no`,`salary`,`from_date`,`to_date`) values (10005,83735,'1991-09-12','1992-09-11');
insert  into `salaries`(`emp_no`,`salary`,`from_date`,`to_date`) values (10005,85572,'1992-09-11','1993-09-11');
insert  into `salaries`(`emp_no`,`salary`,`from_date`,`to_date`) values (10005,85076,'1993-09-11','1994-09-11');
insert  into `salaries`(`emp_no`,`salary`,`from_date`,`to_date`) values (10005,86050,'1994-09-11','1995-09-11');
insert  into `salaries`(`emp_no`,`salary`,`from_date`,`to_date`) values (10005,88448,'1995-09-11','1996-09-10');
insert  into `salaries`(`emp_no`,`salary`,`from_date`,`to_date`) values (10005,88063,'1996-09-10','1997-09-10');
insert  into `salaries`(`emp_no`,`salary`,`from_date`,`to_date`) values (10005,89724,'1997-09-10','1998-09-10');
insert  into `salaries`(`emp_no`,`salary`,`from_date`,`to_date`) values (10005,90392,'1998-09-10','1999-09-10');
insert  into `salaries`(`emp_no`,`salary`,`from_date`,`to_date`) values (10005,90531,'1999-09-10','2000-09-09');
insert  into `salaries`(`emp_no`,`salary`,`from_date`,`to_date`) values (10005,91453,'2000-09-09','2001-09-09');
insert  into `salaries`(`emp_no`,`salary`,`from_date`,`to_date`) values (10005,94692,'2001-09-09','9999-01-01');
insert  into `salaries`(`emp_no`,`salary`,`from_date`,`to_date`) values (10006,40000,'1990-08-05','1991-08-05');
insert  into `salaries`(`emp_no`,`salary`,`from_date`,`to_date`) values (10006,42085,'1991-08-05','1992-08-04');
insert  into `salaries`(`emp_no`,`salary`,`from_date`,`to_date`) values (10006,42629,'1992-08-04','1993-08-04');
insert  into `salaries`(`emp_no`,`salary`,`from_date`,`to_date`) values (10006,45844,'1993-08-04','1994-08-04');
insert  into `salaries`(`emp_no`,`salary`,`from_date`,`to_date`) values (10006,47518,'1994-08-04','1995-08-04');
insert  into `salaries`(`emp_no`,`salary`,`from_date`,`to_date`) values (10006,47917,'1995-08-04','1996-08-03');
insert  into `salaries`(`emp_no`,`salary`,`from_date`,`to_date`) values (10006,52255,'1996-08-03','1997-08-03');
insert  into `salaries`(`emp_no`,`salary`,`from_date`,`to_date`) values (10006,53747,'1997-08-03','1998-08-03');
insert  into `salaries`(`emp_no`,`salary`,`from_date`,`to_date`) values (10006,56032,'1998-08-03','1999-08-03');
insert  into `salaries`(`emp_no`,`salary`,`from_date`,`to_date`) values (10006,58299,'1999-08-03','2000-08-02');
insert  into `salaries`(`emp_no`,`salary`,`from_date`,`to_date`) values (10006,60098,'2000-08-02','2001-08-02');
insert  into `salaries`(`emp_no`,`salary`,`from_date`,`to_date`) values (10006,59755,'2001-08-02','9999-01-01');
insert  into `salaries`(`emp_no`,`salary`,`from_date`,`to_date`) values (10007,56724,'1989-02-10','1990-02-10');
insert  into `salaries`(`emp_no`,`salary`,`from_date`,`to_date`) values (10007,60740,'1990-02-10','1991-02-10');
insert  into `salaries`(`emp_no`,`salary`,`from_date`,`to_date`) values (10007,62745,'1991-02-10','1992-02-10');
insert  into `salaries`(`emp_no`,`salary`,`from_date`,`to_date`) values (10007,63475,'1992-02-10','1993-02-09');
insert  into `salaries`(`emp_no`,`salary`,`from_date`,`to_date`) values (10007,63208,'1993-02-09','1994-02-09');
insert  into `salaries`(`emp_no`,`salary`,`from_date`,`to_date`) values (10007,64563,'1994-02-09','1995-02-09');
insert  into `salaries`(`emp_no`,`salary`,`from_date`,`to_date`) values (10007,68833,'1995-02-09','1996-02-09');
insert  into `salaries`(`emp_no`,`salary`,`from_date`,`to_date`) values (10007,70220,'1996-02-09','1997-02-08');
insert  into `salaries`(`emp_no`,`salary`,`from_date`,`to_date`) values (10007,73362,'1997-02-08','1998-02-08');
insert  into `salaries`(`emp_no`,`salary`,`from_date`,`to_date`) values (10007,75582,'1998-02-08','1999-02-08');
insert  into `salaries`(`emp_no`,`salary`,`from_date`,`to_date`) values (10007,79513,'1999-02-08','2000-02-08');
insert  into `salaries`(`emp_no`,`salary`,`from_date`,`to_date`) values (10007,80083,'2000-02-08','2001-02-07');
insert  into `salaries`(`emp_no`,`salary`,`from_date`,`to_date`) values (10007,84456,'2001-02-07','2002-02-07');
insert  into `salaries`(`emp_no`,`salary`,`from_date`,`to_date`) values (10007,88070,'2002-02-07','9999-01-01');
insert  into `salaries`(`emp_no`,`salary`,`from_date`,`to_date`) values (10008,46671,'1998-03-11','1999-03-11');
insert  into `salaries`(`emp_no`,`salary`,`from_date`,`to_date`) values (10008,48584,'1999-03-11','2000-03-10');
insert  into `salaries`(`emp_no`,`salary`,`from_date`,`to_date`) values (10008,52668,'2000-03-10','2000-07-31');
insert  into `salaries`(`emp_no`,`salary`,`from_date`,`to_date`) values (10009,60929,'1985-02-18','1986-02-18');
insert  into `salaries`(`emp_no`,`salary`,`from_date`,`to_date`) values (10009,64604,'1986-02-18','1987-02-18');
insert  into `salaries`(`emp_no`,`salary`,`from_date`,`to_date`) values (10009,64780,'1987-02-18','1988-02-18');
insert  into `salaries`(`emp_no`,`salary`,`from_date`,`to_date`) values (10009,66302,'1988-02-18','1989-02-17');
insert  into `salaries`(`emp_no`,`salary`,`from_date`,`to_date`) values (10009,69042,'1989-02-17','1990-02-17');
insert  into `salaries`(`emp_no`,`salary`,`from_date`,`to_date`) values (10009,70889,'1990-02-17','1991-02-17');
insert  into `salaries`(`emp_no`,`salary`,`from_date`,`to_date`) values (10009,71434,'1991-02-17','1992-02-17');
insert  into `salaries`(`emp_no`,`salary`,`from_date`,`to_date`) values (10009,74612,'1992-02-17','1993-02-16');
insert  into `salaries`(`emp_no`,`salary`,`from_date`,`to_date`) values (10009,76518,'1993-02-16','1994-02-16');
insert  into `salaries`(`emp_no`,`salary`,`from_date`,`to_date`) values (10009,78335,'1994-02-16','1995-02-16');
insert  into `salaries`(`emp_no`,`salary`,`from_date`,`to_date`) values (10009,80944,'1995-02-16','1996-02-16');
insert  into `salaries`(`emp_no`,`salary`,`from_date`,`to_date`) values (10009,82507,'1996-02-16','1997-02-15');
insert  into `salaries`(`emp_no`,`salary`,`from_date`,`to_date`) values (10009,85875,'1997-02-15','1998-02-15');
insert  into `salaries`(`emp_no`,`salary`,`from_date`,`to_date`) values (10009,89324,'1998-02-15','1999-02-15');
insert  into `salaries`(`emp_no`,`salary`,`from_date`,`to_date`) values (10009,90668,'1999-02-15','2000-02-15');
insert  into `salaries`(`emp_no`,`salary`,`from_date`,`to_date`) values (10009,93507,'2000-02-15','2001-02-14');
insert  into `salaries`(`emp_no`,`salary`,`from_date`,`to_date`) values (10009,94443,'2001-02-14','2002-02-14');
insert  into `salaries`(`emp_no`,`salary`,`from_date`,`to_date`) values (10009,94409,'2002-02-14','9999-01-01');
insert  into `salaries`(`emp_no`,`salary`,`from_date`,`to_date`) values (10010,72488,'1996-11-24','1997-11-24');
insert  into `salaries`(`emp_no`,`salary`,`from_date`,`to_date`) values (10010,74347,'1997-11-24','1998-11-24');
insert  into `salaries`(`emp_no`,`salary`,`from_date`,`to_date`) values (10010,75405,'1998-11-24','1999-11-24');
insert  into `salaries`(`emp_no`,`salary`,`from_date`,`to_date`) values (10010,78194,'1999-11-24','2000-11-23');
insert  into `salaries`(`emp_no`,`salary`,`from_date`,`to_date`) values (10010,79580,'2000-11-23','2001-11-23');
insert  into `salaries`(`emp_no`,`salary`,`from_date`,`to_date`) values (10010,80324,'2001-11-23','9999-01-01');
insert  into `salaries`(`emp_no`,`salary`,`from_date`,`to_date`) values (10011,42365,'1990-01-22','1991-01-22');
insert  into `salaries`(`emp_no`,`salary`,`from_date`,`to_date`) values (10011,44200,'1991-01-22','1992-01-22');
insert  into `salaries`(`emp_no`,`salary`,`from_date`,`to_date`) values (10011,48214,'1992-01-22','1993-01-21');
insert  into `salaries`(`emp_no`,`salary`,`from_date`,`to_date`) values (10011,50927,'1993-01-21','1994-01-21');
insert  into `salaries`(`emp_no`,`salary`,`from_date`,`to_date`) values (10011,51470,'1994-01-21','1995-01-21');
insert  into `salaries`(`emp_no`,`salary`,`from_date`,`to_date`) values (10011,54545,'1995-01-21','1996-01-21');
insert  into `salaries`(`emp_no`,`salary`,`from_date`,`to_date`) values (10011,56753,'1996-01-21','1996-11-09');
insert  into `salaries`(`emp_no`,`salary`,`from_date`,`to_date`) values (10012,40000,'1992-12-18','1993-12-18');
insert  into `salaries`(`emp_no`,`salary`,`from_date`,`to_date`) values (10012,41867,'1993-12-18','1994-12-18');
insert  into `salaries`(`emp_no`,`salary`,`from_date`,`to_date`) values (10012,42318,'1994-12-18','1995-12-18');
insert  into `salaries`(`emp_no`,`salary`,`from_date`,`to_date`) values (10012,44195,'1995-12-18','1996-12-17');
insert  into `salaries`(`emp_no`,`salary`,`from_date`,`to_date`) values (10012,46460,'1996-12-17','1997-12-17');
insert  into `salaries`(`emp_no`,`salary`,`from_date`,`to_date`) values (10012,46485,'1997-12-17','1998-12-17');
insert  into `salaries`(`emp_no`,`salary`,`from_date`,`to_date`) values (10012,47364,'1998-12-17','1999-12-17');
insert  into `salaries`(`emp_no`,`salary`,`from_date`,`to_date`) values (10012,51122,'1999-12-17','2000-12-16');
insert  into `salaries`(`emp_no`,`salary`,`from_date`,`to_date`) values (10012,54794,'2000-12-16','2001-12-16');
insert  into `salaries`(`emp_no`,`salary`,`from_date`,`to_date`) values (10012,54423,'2001-12-16','9999-01-01');
insert  into `salaries`(`emp_no`,`salary`,`from_date`,`to_date`) values (10013,40000,'1985-10-20','1986-10-20');
insert  into `salaries`(`emp_no`,`salary`,`from_date`,`to_date`) values (10013,40623,'1986-10-20','1987-10-20');
insert  into `salaries`(`emp_no`,`salary`,`from_date`,`to_date`) values (10013,40561,'1987-10-20','1988-10-19');
insert  into `salaries`(`emp_no`,`salary`,`from_date`,`to_date`) values (10013,40306,'1988-10-19','1989-10-19');
insert  into `salaries`(`emp_no`,`salary`,`from_date`,`to_date`) values (10013,43569,'1989-10-19','1990-10-19');
insert  into `salaries`(`emp_no`,`salary`,`from_date`,`to_date`) values (10013,46305,'1990-10-19','1991-10-19');
insert  into `salaries`(`emp_no`,`salary`,`from_date`,`to_date`) values (10013,47118,'1991-10-19','1992-10-18');
insert  into `salaries`(`emp_no`,`salary`,`from_date`,`to_date`) values (10013,50351,'1992-10-18','1993-10-18');
insert  into `salaries`(`emp_no`,`salary`,`from_date`,`to_date`) values (10013,49887,'1993-10-18','1994-10-18');
insert  into `salaries`(`emp_no`,`salary`,`from_date`,`to_date`) values (10013,53957,'1994-10-18','1995-10-18');
insert  into `salaries`(`emp_no`,`salary`,`from_date`,`to_date`) values (10013,57590,'1995-10-18','1996-10-17');
insert  into `salaries`(`emp_no`,`salary`,`from_date`,`to_date`) values (10013,59228,'1996-10-17','1997-10-17');
insert  into `salaries`(`emp_no`,`salary`,`from_date`,`to_date`) values (10013,59571,'1997-10-17','1998-10-17');
insert  into `salaries`(`emp_no`,`salary`,`from_date`,`to_date`) values (10013,63274,'1998-10-17','1999-10-17');
insert  into `salaries`(`emp_no`,`salary`,`from_date`,`to_date`) values (10013,63352,'1999-10-17','2000-10-16');
insert  into `salaries`(`emp_no`,`salary`,`from_date`,`to_date`) values (10013,66744,'2000-10-16','2001-10-16');
insert  into `salaries`(`emp_no`,`salary`,`from_date`,`to_date`) values (10013,68901,'2001-10-16','9999-01-01');
insert  into `salaries`(`emp_no`,`salary`,`from_date`,`to_date`) values (10014,46168,'1993-12-29','1994-12-29');
insert  into `salaries`(`emp_no`,`salary`,`from_date`,`to_date`) values (10014,48242,'1994-12-29','1995-12-29');
insert  into `salaries`(`emp_no`,`salary`,`from_date`,`to_date`) values (10014,47921,'1995-12-29','1996-12-28');
insert  into `salaries`(`emp_no`,`salary`,`from_date`,`to_date`) values (10014,50715,'1996-12-28','1997-12-28');
insert  into `salaries`(`emp_no`,`salary`,`from_date`,`to_date`) values (10014,53228,'1997-12-28','1998-12-28');
insert  into `salaries`(`emp_no`,`salary`,`from_date`,`to_date`) values (10014,53962,'1998-12-28','1999-12-28');
insert  into `salaries`(`emp_no`,`salary`,`from_date`,`to_date`) values (10014,56937,'1999-12-28','2000-12-27');
insert  into `salaries`(`emp_no`,`salary`,`from_date`,`to_date`) values (10014,59142,'2000-12-27','2001-12-27');
insert  into `salaries`(`emp_no`,`salary`,`from_date`,`to_date`) values (10014,60598,'2001-12-27','9999-01-01');
insert  into `salaries`(`emp_no`,`salary`,`from_date`,`to_date`) values (10015,40000,'1992-09-19','1993-08-22');
insert  into `salaries`(`emp_no`,`salary`,`from_date`,`to_date`) values (10016,70889,'1998-02-11','1999-02-11');
insert  into `salaries`(`emp_no`,`salary`,`from_date`,`to_date`) values (10016,72946,'1999-02-11','2000-02-11');
insert  into `salaries`(`emp_no`,`salary`,`from_date`,`to_date`) values (10016,76826,'2000-02-11','2001-02-10');
insert  into `salaries`(`emp_no`,`salary`,`from_date`,`to_date`) values (10016,76381,'2001-02-10','2002-02-10');
insert  into `salaries`(`emp_no`,`salary`,`from_date`,`to_date`) values (10016,77935,'2002-02-10','9999-01-01');
insert  into `salaries`(`emp_no`,`salary`,`from_date`,`to_date`) values (10017,71380,'1993-08-03','1994-08-03');
insert  into `salaries`(`emp_no`,`salary`,`from_date`,`to_date`) values (10017,75538,'1994-08-03','1995-08-03');
insert  into `salaries`(`emp_no`,`salary`,`from_date`,`to_date`) values (10017,79510,'1995-08-03','1996-08-02');
insert  into `salaries`(`emp_no`,`salary`,`from_date`,`to_date`) values (10017,82163,'1996-08-02','1997-08-02');
insert  into `salaries`(`emp_no`,`salary`,`from_date`,`to_date`) values (10017,86157,'1997-08-02','1998-08-02');
insert  into `salaries`(`emp_no`,`salary`,`from_date`,`to_date`) values (10017,89619,'1998-08-02','1999-08-02');
insert  into `salaries`(`emp_no`,`salary`,`from_date`,`to_date`) values (10017,91985,'1999-08-02','2000-08-01');
insert  into `salaries`(`emp_no`,`salary`,`from_date`,`to_date`) values (10017,96122,'2000-08-01','2001-08-01');
insert  into `salaries`(`emp_no`,`salary`,`from_date`,`to_date`) values (10017,98522,'2001-08-01','2002-08-01');
insert  into `salaries`(`emp_no`,`salary`,`from_date`,`to_date`) values (10017,99651,'2002-08-01','9999-01-01');
insert  into `salaries`(`emp_no`,`salary`,`from_date`,`to_date`) values (10018,55881,'1987-04-03','1988-04-02');
insert  into `salaries`(`emp_no`,`salary`,`from_date`,`to_date`) values (10018,59206,'1988-04-02','1989-04-02');
insert  into `salaries`(`emp_no`,`salary`,`from_date`,`to_date`) values (10018,61361,'1989-04-02','1990-04-02');
insert  into `salaries`(`emp_no`,`salary`,`from_date`,`to_date`) values (10018,61648,'1990-04-02','1991-04-02');
insert  into `salaries`(`emp_no`,`salary`,`from_date`,`to_date`) values (10018,61217,'1991-04-02','1992-04-01');
insert  into `salaries`(`emp_no`,`salary`,`from_date`,`to_date`) values (10018,61244,'1992-04-01','1993-04-01');
insert  into `salaries`(`emp_no`,`salary`,`from_date`,`to_date`) values (10018,63286,'1993-04-01','1994-04-01');
insert  into `salaries`(`emp_no`,`salary`,`from_date`,`to_date`) values (10018,65739,'1994-04-01','1995-04-01');
insert  into `salaries`(`emp_no`,`salary`,`from_date`,`to_date`) values (10018,67519,'1995-04-01','1996-03-31');
insert  into `salaries`(`emp_no`,`salary`,`from_date`,`to_date`) values (10018,69276,'1996-03-31','1997-03-31');
insert  into `salaries`(`emp_no`,`salary`,`from_date`,`to_date`) values (10018,72585,'1997-03-31','1998-03-31');
insert  into `salaries`(`emp_no`,`salary`,`from_date`,`to_date`) values (10018,72804,'1998-03-31','1999-03-31');
insert  into `salaries`(`emp_no`,`salary`,`from_date`,`to_date`) values (10018,76957,'1999-03-31','2000-03-30');
insert  into `salaries`(`emp_no`,`salary`,`from_date`,`to_date`) values (10018,80305,'2000-03-30','2001-03-30');
insert  into `salaries`(`emp_no`,`salary`,`from_date`,`to_date`) values (10018,84541,'2001-03-30','2002-03-30');
insert  into `salaries`(`emp_no`,`salary`,`from_date`,`to_date`) values (10018,84672,'2002-03-30','9999-01-01');
insert  into `salaries`(`emp_no`,`salary`,`from_date`,`to_date`) values (10019,44276,'1999-04-30','2000-04-29');
insert  into `salaries`(`emp_no`,`salary`,`from_date`,`to_date`) values (10019,46946,'2000-04-29','2001-04-29');
insert  into `salaries`(`emp_no`,`salary`,`from_date`,`to_date`) values (10019,46775,'2001-04-29','2002-04-29');
insert  into `salaries`(`emp_no`,`salary`,`from_date`,`to_date`) values (10019,50032,'2002-04-29','9999-01-01');
insert  into `salaries`(`emp_no`,`salary`,`from_date`,`to_date`) values (10020,40000,'1997-12-30','1998-12-30');
insert  into `salaries`(`emp_no`,`salary`,`from_date`,`to_date`) values (10020,40647,'1998-12-30','1999-12-30');
insert  into `salaries`(`emp_no`,`salary`,`from_date`,`to_date`) values (10020,43800,'1999-12-30','2000-12-29');
insert  into `salaries`(`emp_no`,`salary`,`from_date`,`to_date`) values (10020,44927,'2000-12-29','2001-12-29');
insert  into `salaries`(`emp_no`,`salary`,`from_date`,`to_date`) values (10020,47017,'2001-12-29','9999-01-01');

/*Data for the table `titles` */

insert  into `titles`(`emp_no`,`title`,`from_date`,`to_date`) values (10009,'Assistant Engineer','1985-02-18','1990-02-18');
insert  into `titles`(`emp_no`,`title`,`from_date`,`to_date`) values (10015,'Senior Staff','1992-09-19','1993-08-22');
insert  into `titles`(`emp_no`,`title`,`from_date`,`to_date`) values (10009,'Engineer','1990-02-18','1995-02-18');
insert  into `titles`(`emp_no`,`title`,`from_date`,`to_date`) values (10018,'Engineer','1987-04-03','1995-04-03');
insert  into `titles`(`emp_no`,`title`,`from_date`,`to_date`) values (10004,'Engineer','1986-12-01','1995-12-01');
insert  into `titles`(`emp_no`,`title`,`from_date`,`to_date`) values (10007,'Staff','1989-02-10','1996-02-11');
insert  into `titles`(`emp_no`,`title`,`from_date`,`to_date`) values (10005,'Staff','1989-09-12','1996-09-12');
insert  into `titles`(`emp_no`,`title`,`from_date`,`to_date`) values (10011,'Staff','1990-01-22','1996-11-09');
insert  into `titles`(`emp_no`,`title`,`from_date`,`to_date`) values (10008,'Assistant Engineer','1998-03-11','2000-07-31');
insert  into `titles`(`emp_no`,`title`,`from_date`,`to_date`) values (10017,'Staff','1993-08-03','2000-08-03');
insert  into `titles`(`emp_no`,`title`,`from_date`,`to_date`) values (10012,'Engineer','1992-12-18','2000-12-18');
insert  into `titles`(`emp_no`,`title`,`from_date`,`to_date`) values (10001,'Senior Engineer','1986-06-26','9999-01-01');
insert  into `titles`(`emp_no`,`title`,`from_date`,`to_date`) values (10002,'Staff','1996-08-03','9999-01-01');
insert  into `titles`(`emp_no`,`title`,`from_date`,`to_date`) values (10003,'Senior Engineer','1995-12-03','9999-01-01');
insert  into `titles`(`emp_no`,`title`,`from_date`,`to_date`) values (10004,'Senior Engineer','1995-12-01','9999-01-01');
insert  into `titles`(`emp_no`,`title`,`from_date`,`to_date`) values (10005,'Senior Staff','1996-09-12','9999-01-01');
insert  into `titles`(`emp_no`,`title`,`from_date`,`to_date`) values (10006,'Senior Engineer','1990-08-05','9999-01-01');
insert  into `titles`(`emp_no`,`title`,`from_date`,`to_date`) values (10007,'Senior Staff','1996-02-11','9999-01-01');
insert  into `titles`(`emp_no`,`title`,`from_date`,`to_date`) values (10009,'Senior Engineer','1995-02-18','9999-01-01');
insert  into `titles`(`emp_no`,`title`,`from_date`,`to_date`) values (10010,'Engineer','1996-11-24','9999-01-01');
insert  into `titles`(`emp_no`,`title`,`from_date`,`to_date`) values (10012,'Senior Engineer','2000-12-18','9999-01-01');
insert  into `titles`(`emp_no`,`title`,`from_date`,`to_date`) values (10013,'Senior Staff','1985-10-20','9999-01-01');
insert  into `titles`(`emp_no`,`title`,`from_date`,`to_date`) values (10014,'Engineer','1993-12-29','9999-01-01');
insert  into `titles`(`emp_no`,`title`,`from_date`,`to_date`) values (10016,'Staff','1998-02-11','9999-01-01');
insert  into `titles`(`emp_no`,`title`,`from_date`,`to_date`) values (10017,'Senior Staff','2000-08-03','9999-01-01');
insert  into `titles`(`emp_no`,`title`,`from_date`,`to_date`) values (10018,'Senior Engineer','1995-04-03','9999-01-01');
insert  into `titles`(`emp_no`,`title`,`from_date`,`to_date`) values (10019,'Staff','1999-04-30','9999-01-01');
insert  into `titles`(`emp_no`,`title`,`from_date`,`to_date`) values (10020,'Engineer','1997-12-30','9999-01-01');

/*!40101 SET SQL_MODE=@OLD_SQL_MODE */;
/*!40014 SET FOREIGN_KEY_CHECKS=@OLD_FOREIGN_KEY_CHECKS */;
/*!40014 SET UNIQUE_CHECKS=@OLD_UNIQUE_CHECKS */;
/*!40111 SET SQL_NOTES=@OLD_SQL_NOTES */;
